,Features
0,Additional Coffee Container (97) Items
1,Adjustable Coffee Spouts (152) Items
2,Auto Shut-off (302) Items
3,Battery Operated (53) Items
4,Built-in Container (132) Items
5,Built-in Grinder (139) Items
6,Built-in Water Filter (147) Items
7,Bypass Doser (18) Items
8,Cord Storage (49) Items
9,Cup Warming Surface (168) Items
10,Detachable Cord (2) Items
11,Dishwasher Safe (49) Items
12,Display (138) Items
13,Dripping Cap (15) Items
14,Dual Boiler (9) Items
15,Easy to Clean (242) Items
16,Energy Saving Mode (83) Items
17,Frother (304) Items
18,Hot Water Dispenser (67) Items
19,Hot Water Tap (48) Items
20,Interactive Touchscreen (11) Items
21,Lightweight (73) Items
22,Manual (104) Items
23,Milk Island (9) Items
24,Pause-and-Serve (23) Items
25,Permanent Filter (26) Items
26,Portable (353) Items
27,Portafilter (56) Items
28,Pre-brewing System (8) Items
29,Programmable (145) Items
30,Programmable Controls (36) Items
31,Quick Heating (98) Items
32,Quiet Brew Technology (30) Items
33,Removable Brew Basket (17) Items
34,Removable Drip Tray (299) Items
35,Removable Filter Basket (17) Items
36,Removable Water Tank (215) Items
37,Self-Cleaning (65) Items
38,Stand-by LED Light (15) Items
39,Steam Wand (99) Items
40,Thermostat (42) Items
41,Timer (37) Items
42,Travel (92) Items
43,Water Filter (51) Items
44,Water Level Indicator (33) Items
45,Water Tank (383) Items
46,Not Specified (828) Items
